Distance,Image_Path
0.0,/Users/haribo/Desktop/Pokemon_ prediction/features/images/images/parasect.png
0.81451815,/Users/haribo/Desktop/Pokemon_ prediction/features/images/images/pignite.png
0.8176153,/Users/haribo/Desktop/Pokemon_ prediction/features/images/images/golett.png
0.81811166,/Users/haribo/Desktop/Pokemon_ prediction/features/images/images/heatmor.png
0.82568157,/Users/haribo/Desktop/Pokemon_ prediction/features/images/images/darumaka.png
0.83379334,/Users/haribo/Desktop/Pokemon_ prediction/features/images/images/chatot.png
0.84980303,/Users/haribo/Desktop/Pokemon_ prediction/features/images/images/spinarak.png
0.8506479,/Users/haribo/Desktop/Pokemon_ prediction/features/images/images/porygon.png
0.85263884,/Users/haribo/Desktop/Pokemon_ prediction/features/images/images/hoothoot.png
0.8550791,/Users/haribo/Desktop/Pokemon_ prediction/features/images/images/weepinbell.png
0.8604072,/Users/haribo/Desktop/Pokemon_ prediction/features/images/images/hoopa-confined.png
0.8604527,/Users/haribo/Desktop/Pokemon_ prediction/features/images/images/bellossom.png
0.86298203,/Users/haribo/Desktop/Pokemon_ prediction/features/images/images/gible.png
0.8634897,/Users/haribo/Desktop/Pokemon_ prediction/features/images/images/galvantula.png
0.8642356,/Users/haribo/Desktop/Pokemon_ prediction/features/images/images/palpitoad.png
0.8674794,/Users/haribo/Desktop/Pokemon_ prediction/features/images/images/croconaw.png
0.86887884,/Users/haribo/Desktop/Pokemon_ prediction/features/images/images/swalot.png
0.869331,/Users/haribo/Desktop/Pokemon_ prediction/features/images/images/patrat.png
0.8704178,/Users/haribo/Desktop/Pokemon_ prediction/features/images/images/porygon2.png
0.8706952,/Users/haribo/Desktop/Pokemon_ prediction/features/images/images/pyroar.png
0.87082773,/Users/haribo/Desktop/Pokemon_ prediction/features/images/images/paras.png
0.8712997,/Users/haribo/Desktop/Pokemon_ prediction/features/images/images/weedle.png
0.87184525,/Users/haribo/Desktop/Pokemon_ prediction/features/images/images/cleffa.png
0.8737452,/Users/haribo/Desktop/Pokemon_ prediction/features/images/images/volbeat.png
0.8739847,/Users/haribo/Desktop/Pokemon_ prediction/features/images/images/psyduck.png
0.87448686,/Users/haribo/Desktop/Pokemon_ prediction/features/images/images/phanpy.png
0.8780813,/Users/haribo/Desktop/Pokemon_ prediction/features/images/images/joltik.png
0.8828048,/Users/haribo/Desktop/Pokemon_ prediction/features/images/images/bibarel.png
0.8832118,/Users/haribo/Desktop/Pokemon_ prediction/features/images/images/raticate.png
0.8832813,/Users/haribo/Desktop/Pokemon_ prediction/features/images/images/tepig.png
0.8835845,/Users/haribo/Desktop/Pokemon_ prediction/features/images/images/sewaddle.png
0.88461083,/Users/haribo/Desktop/Pokemon_ prediction/features/images/images/cherrim.png
0.8872902,/Users/haribo/Desktop/Pokemon_ prediction/features/images/images/ducklett.png
0.8884638,/Users/haribo/Desktop/Pokemon_ prediction/features/images/images/sandshrew.png
0.88890773,/Users/haribo/Desktop/Pokemon_ prediction/features/images/images/huntail.png
0.8890919,/Users/haribo/Desktop/Pokemon_ prediction/features/images/images/marowak.png
0.8896084,/Users/haribo/Desktop/Pokemon_ prediction/features/images/images/azelf.png
0.889721,/Users/haribo/Desktop/Pokemon_ prediction/features/images/images/chansey.png
0.8914702,/Users/haribo/Desktop/Pokemon_ prediction/features/images/images/togepi.png
0.8923002,/Users/haribo/Desktop/Pokemon_ prediction/features/images/images/xatu.png
0.89252234,/Users/haribo/Desktop/Pokemon_ prediction/features/images/images/combee.png
0.894937,/Users/haribo/Desktop/Pokemon_ prediction/features/images/images/pidgey.png
0.8954772,/Users/haribo/Desktop/Pokemon_ prediction/features/images/images/lanturn.png
0.89997524,/Users/haribo/Desktop/Pokemon_ prediction/features/images/images/omanyte.png
0.90041155,/Users/haribo/Desktop/Pokemon_ prediction/features/images/images/floatzel.png
0.90059865,/Users/haribo/Desktop/Pokemon_ prediction/features/images/images/luvdisc.png
0.9015978,/Users/haribo/Desktop/Pokemon_ prediction/features/images/images/shroomish.png
0.901964,/Users/haribo/Desktop/Pokemon_ prediction/features/images/images/natu.png
0.90280193,/Users/haribo/Desktop/Pokemon_ prediction/features/images/images/munna.png
0.90407145,/Users/haribo/Desktop/Pokemon_ prediction/features/images/images/manectric.png
0.90479285,/Users/haribo/Desktop/Pokemon_ prediction/features/images/images/treecko.png
0.90513206,/Users/haribo/Desktop/Pokemon_ prediction/features/images/images/pidove.png
0.9061675,/Users/haribo/Desktop/Pokemon_ prediction/features/images/images/lickilicky.png
0.90645576,/Users/haribo/Desktop/Pokemon_ prediction/features/images/images/piloswine.png
0.90856206,/Users/haribo/Desktop/Pokemon_ prediction/features/images/images/politoed.png
0.9108334,/Users/haribo/Desktop/Pokemon_ prediction/features/images/images/timburr.png
0.91100407,/Users/haribo/Desktop/Pokemon_ prediction/features/images/images/uxie.png
0.91110486,/Users/haribo/Desktop/Pokemon_ prediction/features/images/images/marill.png
0.9119841,/Users/haribo/Desktop/Pokemon_ prediction/features/images/images/bonsly.png
0.9121279,/Users/haribo/Desktop/Pokemon_ prediction/features/images/images/numel.png
0.9122694,/Users/haribo/Desktop/Pokemon_ prediction/features/images/images/ralts.png
0.9126776,/Users/haribo/Desktop/Pokemon_ prediction/features/images/images/bidoof.png
0.9133462,/Users/haribo/Desktop/Pokemon_ prediction/features/images/images/bulbasaur.png
0.91350204,/Users/haribo/Desktop/Pokemon_ prediction/features/images/images/marshtomp.png
0.91584784,/Users/haribo/Desktop/Pokemon_ prediction/features/images/images/oshawott.png
0.9169469,/Users/haribo/Desktop/Pokemon_ prediction/features/images/images/basculin-red-striped.png
0.9172752,/Users/haribo/Desktop/Pokemon_ prediction/features/images/images/finneon.png
0.9174858,/Users/haribo/Desktop/Pokemon_ prediction/features/images/images/spiritomb.png
0.91794634,/Users/haribo/Desktop/Pokemon_ prediction/features/images/images/makuhita.png
0.9180666,/Users/haribo/Desktop/Pokemon_ prediction/features/images/images/shellos.png
0.9183743,/Users/haribo/Desktop/Pokemon_ prediction/features/images/images/wynaut.png
0.9188838,/Users/haribo/Desktop/Pokemon_ prediction/features/images/images/nidoqueen.png
0.9193177,/Users/haribo/Desktop/Pokemon_ prediction/features/images/images/scrafty.png
0.9193782,/Users/haribo/Desktop/Pokemon_ prediction/features/images/images/bronzor.png
0.9194414,/Users/haribo/Desktop/Pokemon_ prediction/features/images/images/grotle.png
0.91968817,/Users/haribo/Desktop/Pokemon_ prediction/features/images/images/ditto.png
0.92052406,/Users/haribo/Desktop/Pokemon_ prediction/features/images/images/shinx.png
0.92055845,/Users/haribo/Desktop/Pokemon_ prediction/features/images/images/poochyena.png
0.92078394,/Users/haribo/Desktop/Pokemon_ prediction/features/images/images/smoochum.png
0.9211829,/Users/haribo/Desktop/Pokemon_ prediction/features/images/images/totodile.png
0.92131615,/Users/haribo/Desktop/Pokemon_ prediction/features/images/images/flareon.png
0.9214393,/Users/haribo/Desktop/Pokemon_ prediction/features/images/images/toxicroak.png
0.92146474,/Users/haribo/Desktop/Pokemon_ prediction/features/images/images/taillow.png
0.9216064,/Users/haribo/Desktop/Pokemon_ prediction/features/images/images/torchic.png
0.9222253,/Users/haribo/Desktop/Pokemon_ prediction/features/images/images/eelektrik.png
0.9226458,/Users/haribo/Desktop/Pokemon_ prediction/features/images/images/scraggy.png
0.92272985,/Users/haribo/Desktop/Pokemon_ prediction/features/images/images/gurdurr.png
0.9229467,/Users/haribo/Desktop/Pokemon_ prediction/features/images/images/heliolisk.png
0.9232778,/Users/haribo/Desktop/Pokemon_ prediction/features/images/images/charmander.png
0.9236341,/Users/haribo/Desktop/Pokemon_ prediction/features/images/images/venipede.png
0.9265715,/Users/haribo/Desktop/Pokemon_ prediction/features/images/images/shelmet.png
0.9267047,/Users/haribo/Desktop/Pokemon_ prediction/features/images/images/staryu.png
0.92689055,/Users/haribo/Desktop/Pokemon_ prediction/features/images/images/froakie.png
0.9278923,/Users/haribo/Desktop/Pokemon_ prediction/features/images/images/heatran.png
0.92816556,/Users/haribo/Desktop/Pokemon_ prediction/features/images/images/seaking.png
0.9283514,/Users/haribo/Desktop/Pokemon_ prediction/features/images/images/shellder.png
0.9285539,/Users/haribo/Desktop/Pokemon_ prediction/features/images/images/buizel.png
0.9292766,/Users/haribo/Desktop/Pokemon_ prediction/features/images/images/bagon.png
0.92961174,/Users/haribo/Desktop/Pokemon_ prediction/features/images/images/growlithe.png
0.9300788,/Users/haribo/Desktop/Pokemon_ prediction/features/images/images/dedenne.png
0.9303311,/Users/haribo/Desktop/Pokemon_ prediction/features/images/images/slurpuff.png
0.9305281,/Users/haribo/Desktop/Pokemon_ prediction/features/images/images/whimsicott.png
0.9305619,/Users/haribo/Desktop/Pokemon_ prediction/features/images/images/luxio.png
0.9305903,/Users/haribo/Desktop/Pokemon_ prediction/features/images/images/whirlipede.png
0.930718,/Users/haribo/Desktop/Pokemon_ prediction/features/images/images/kricketot.png
0.9307751,/Users/haribo/Desktop/Pokemon_ prediction/features/images/images/snover.png
0.9308351,/Users/haribo/Desktop/Pokemon_ prediction/features/images/images/ursaring.png
0.93101704,/Users/haribo/Desktop/Pokemon_ prediction/features/images/images/dunsparce.png
0.93157816,/Users/haribo/Desktop/Pokemon_ prediction/features/images/images/skrelp.png
0.9321004,/Users/haribo/Desktop/Pokemon_ prediction/features/images/images/shuppet.png
0.9322364,/Users/haribo/Desktop/Pokemon_ prediction/features/images/images/turtwig.png
0.93251705,/Users/haribo/Desktop/Pokemon_ prediction/features/images/images/ferroseed.png
0.9331066,/Users/haribo/Desktop/Pokemon_ prediction/features/images/images/sandslash.png
0.93390846,/Users/haribo/Desktop/Pokemon_ prediction/features/images/images/skuntank.png
0.93404615,/Users/haribo/Desktop/Pokemon_ prediction/features/images/images/croagunk.png
0.9341987,/Users/haribo/Desktop/Pokemon_ prediction/features/images/images/karrablast.png
0.93502635,/Users/haribo/Desktop/Pokemon_ prediction/features/images/images/froslass.png
0.9351634,/Users/haribo/Desktop/Pokemon_ prediction/features/images/images/gastly.png
0.9353399,/Users/haribo/Desktop/Pokemon_ prediction/features/images/images/roserade.png
0.9354858,/Users/haribo/Desktop/Pokemon_ prediction/features/images/images/deino.png
0.9360641,/Users/haribo/Desktop/Pokemon_ prediction/features/images/images/quilava.png
0.9365241,/Users/haribo/Desktop/Pokemon_ prediction/features/images/images/axew.png
0.93707895,/Users/haribo/Desktop/Pokemon_ prediction/features/images/images/emboar.png
0.9374473,/Users/haribo/Desktop/Pokemon_ prediction/features/images/images/illumise.png
0.9374911,/Users/haribo/Desktop/Pokemon_ prediction/features/images/images/swinub.png
0.9378555,/Users/haribo/Desktop/Pokemon_ prediction/features/images/images/snubbull.png
0.9382251,/Users/haribo/Desktop/Pokemon_ prediction/features/images/images/chimchar.png
0.9386139,/Users/haribo/Desktop/Pokemon_ prediction/features/images/images/rufflet.png
0.9387243,/Users/haribo/Desktop/Pokemon_ prediction/features/images/images/blissey.png
0.9392789,/Users/haribo/Desktop/Pokemon_ prediction/features/images/images/kabuto.png
0.9398582,/Users/haribo/Desktop/Pokemon_ prediction/features/images/images/wurmple.png
0.9403544,/Users/haribo/Desktop/Pokemon_ prediction/features/images/images/piplup.png
0.94056535,/Users/haribo/Desktop/Pokemon_ prediction/features/images/images/spheal.png
0.9409482,/Users/haribo/Desktop/Pokemon_ prediction/features/images/images/pikachu.png
0.9410465,/Users/haribo/Desktop/Pokemon_ prediction/features/images/images/inkay.png
0.94112295,/Users/haribo/Desktop/Pokemon_ prediction/features/images/images/delibird.png
0.94119006,/Users/haribo/Desktop/Pokemon_ prediction/features/images/images/bergmite.png
0.94137734,/Users/haribo/Desktop/Pokemon_ prediction/features/images/images/spoink.png
0.94206434,/Users/haribo/Desktop/Pokemon_ prediction/features/images/images/luxray.png
0.9421297,/Users/haribo/Desktop/Pokemon_ prediction/features/images/images/squirtle.png
0.94241524,/Users/haribo/Desktop/Pokemon_ prediction/features/images/images/teddiursa.png
0.94520813,/Users/haribo/Desktop/Pokemon_ prediction/features/images/images/monferno.png
0.94597876,/Users/haribo/Desktop/Pokemon_ prediction/features/images/images/nidorina.png
0.9479162,/Users/haribo/Desktop/Pokemon_ prediction/features/images/images/hariyama.png
0.9480513,/Users/haribo/Desktop/Pokemon_ prediction/features/images/images/munchlax.png
0.9486273,/Users/haribo/Desktop/Pokemon_ prediction/features/images/images/flaaffy.png
0.94900274,/Users/haribo/Desktop/Pokemon_ prediction/features/images/images/feraligatr.png
0.94920486,/Users/haribo/Desktop/Pokemon_ prediction/features/images/images/goodra.png
0.95070934,/Users/haribo/Desktop/Pokemon_ prediction/features/images/images/gastrodon.png
0.95093256,/Users/haribo/Desktop/Pokemon_ prediction/features/images/images/sealeo.png
0.95190156,/Users/haribo/Desktop/Pokemon_ prediction/features/images/images/mesprit.png
0.9531841,/Users/haribo/Desktop/Pokemon_ prediction/features/images/images/krokorok.png
0.95366234,/Users/haribo/Desktop/Pokemon_ prediction/features/images/images/carracosta.png
0.9537042,/Users/haribo/Desktop/Pokemon_ prediction/features/images/images/ledyba.png
0.9537682,/Users/haribo/Desktop/Pokemon_ prediction/features/images/images/qwilfish.png
0.95397204,/Users/haribo/Desktop/Pokemon_ prediction/features/images/images/pansear.png
0.95447826,/Users/haribo/Desktop/Pokemon_ prediction/features/images/images/electrike.png
0.9557398,/Users/haribo/Desktop/Pokemon_ prediction/features/images/images/relicanth.png
0.9557919,/Users/haribo/Desktop/Pokemon_ prediction/features/images/images/slowking.png
0.9559384,/Users/haribo/Desktop/Pokemon_ prediction/features/images/images/walrein.png
0.9560665,/Users/haribo/Desktop/Pokemon_ prediction/features/images/images/chinchou.png
0.95642364,/Users/haribo/Desktop/Pokemon_ prediction/features/images/images/seismitoad.png
0.95907146,/Users/haribo/Desktop/Pokemon_ prediction/features/images/images/chikorita.png
0.9593374,/Users/haribo/Desktop/Pokemon_ prediction/features/images/images/amoonguss.png
0.9595652,/Users/haribo/Desktop/Pokemon_ prediction/features/images/images/shuckle.png
0.96020705,/Users/haribo/Desktop/Pokemon_ prediction/features/images/images/servine.png
0.96053493,/Users/haribo/Desktop/Pokemon_ prediction/features/images/images/vanillish.png
0.9605825,/Users/haribo/Desktop/Pokemon_ prediction/features/images/images/octillery.png
0.9609338,/Users/haribo/Desktop/Pokemon_ prediction/features/images/images/regice.png
0.961129,/Users/haribo/Desktop/Pokemon_ prediction/features/images/images/gyarados.png
0.96236104,/Users/haribo/Desktop/Pokemon_ prediction/features/images/images/magikarp.png
0.962787,/Users/haribo/Desktop/Pokemon_ prediction/features/images/images/drifblim.png
0.9631536,/Users/haribo/Desktop/Pokemon_ prediction/features/images/images/beldum.png
0.9635673,/Users/haribo/Desktop/Pokemon_ prediction/features/images/images/gourgeist-average.png
0.9635897,/Users/haribo/Desktop/Pokemon_ prediction/features/images/images/watchog.png
0.9637455,/Users/haribo/Desktop/Pokemon_ prediction/features/images/images/arcanine.png
0.9637728,/Users/haribo/Desktop/Pokemon_ prediction/features/images/images/banette.png
0.9643656,/Users/haribo/Desktop/Pokemon_ prediction/features/images/images/magcargo.png
0.96439934,/Users/haribo/Desktop/Pokemon_ prediction/features/images/images/krabby.png
0.96461326,/Users/haribo/Desktop/Pokemon_ prediction/features/images/images/magby.png
0.9649637,/Users/haribo/Desktop/Pokemon_ prediction/features/images/images/gabite.png
0.9653255,/Users/haribo/Desktop/Pokemon_ prediction/features/images/images/foongus.png
0.96596485,/Users/haribo/Desktop/Pokemon_ prediction/features/images/images/cubone.png
0.96613306,/Users/haribo/Desktop/Pokemon_ prediction/features/images/images/entei.png
0.96666723,/Users/haribo/Desktop/Pokemon_ prediction/features/images/images/pidgeotto.png
0.9666982,/Users/haribo/Desktop/Pokemon_ prediction/features/images/images/smeargle.png
0.9667545,/Users/haribo/Desktop/Pokemon_ prediction/features/images/images/dustox.png
0.9673914,/Users/haribo/Desktop/Pokemon_ prediction/features/images/images/charmeleon.png
0.967417,/Users/haribo/Desktop/Pokemon_ prediction/features/images/images/slowbro.png
0.96753657,/Users/haribo/Desktop/Pokemon_ prediction/features/images/images/riolu.png
0.9676541,/Users/haribo/Desktop/Pokemon_ prediction/features/images/images/gloom.png
0.9677819,/Users/haribo/Desktop/Pokemon_ prediction/features/images/images/hawlucha.png
0.96784717,/Users/haribo/Desktop/Pokemon_ prediction/features/images/images/venusaur.png
0.96811765,/Users/haribo/Desktop/Pokemon_ prediction/features/images/images/snorunt.png
0.96835685,/Users/haribo/Desktop/Pokemon_ prediction/features/images/images/murkrow.png
0.9683923,/Users/haribo/Desktop/Pokemon_ prediction/features/images/images/emolga.png
0.96888614,/Users/haribo/Desktop/Pokemon_ prediction/features/images/images/larvesta.png
0.9690265,/Users/haribo/Desktop/Pokemon_ prediction/features/images/images/mareep.png
0.9694207,/Users/haribo/Desktop/Pokemon_ prediction/features/images/images/skorupi.png
0.97010404,/Users/haribo/Desktop/Pokemon_ prediction/features/images/images/zorua.png
0.9701975,/Users/haribo/Desktop/Pokemon_ prediction/features/images/images/misdreavus.png
0.9703128,/Users/haribo/Desktop/Pokemon_ prediction/features/images/images/cacturne.png
0.9704619,/Users/haribo/Desktop/Pokemon_ prediction/features/images/images/litwick.png
0.9705524,/Users/haribo/Desktop/Pokemon_ prediction/features/images/images/sneasel.png
0.97070765,/Users/haribo/Desktop/Pokemon_ prediction/features/images/images/tentacool.png
0.9709731,/Users/haribo/Desktop/Pokemon_ prediction/features/images/images/swampert.png
0.9717127,/Users/haribo/Desktop/Pokemon_ prediction/features/images/images/clauncher.png
0.97192043,/Users/haribo/Desktop/Pokemon_ prediction/features/images/images/hitmontop.png
0.9719889,/Users/haribo/Desktop/Pokemon_ prediction/features/images/images/caterpie.png
0.9721084,/Users/haribo/Desktop/Pokemon_ prediction/features/images/images/armaldo.png
0.97217244,/Users/haribo/Desktop/Pokemon_ prediction/features/images/images/koffing.png
0.9722657,/Users/haribo/Desktop/Pokemon_ prediction/features/images/images/celebi.png
0.97264594,/Users/haribo/Desktop/Pokemon_ prediction/features/images/images/spearow.png
0.9727177,/Users/haribo/Desktop/Pokemon_ prediction/features/images/images/kingler.png
0.9727262,/Users/haribo/Desktop/Pokemon_ prediction/features/images/images/helioptile.png
0.97277737,/Users/haribo/Desktop/Pokemon_ prediction/features/images/images/grimer.png
0.972854,/Users/haribo/Desktop/Pokemon_ prediction/features/images/images/trapinch.png
0.9731145,/Users/haribo/Desktop/Pokemon_ prediction/features/images/images/feebas.png
0.9732492,/Users/haribo/Desktop/Pokemon_ prediction/features/images/images/groudon.png
0.97343516,/Users/haribo/Desktop/Pokemon_ prediction/features/images/images/slowpoke.png
0.9735273,/Users/haribo/Desktop/Pokemon_ prediction/features/images/images/mudkip.png
0.9736472,/Users/haribo/Desktop/Pokemon_ prediction/features/images/images/mime-jr.png
0.9736779,/Users/haribo/Desktop/Pokemon_ prediction/features/images/images/infernape.png
0.97401947,/Users/haribo/Desktop/Pokemon_ prediction/features/images/images/fletchling.png
0.974206,/Users/haribo/Desktop/Pokemon_ prediction/features/images/images/azurill.png
0.974238,/Users/haribo/Desktop/Pokemon_ prediction/features/images/images/whismur.png
0.97527134,/Users/haribo/Desktop/Pokemon_ prediction/features/images/images/lairon.png
0.97566366,/Users/haribo/Desktop/Pokemon_ prediction/features/images/images/beautifly.png
0.975848,/Users/haribo/Desktop/Pokemon_ prediction/features/images/images/mamoswine.png
0.9758621,/Users/haribo/Desktop/Pokemon_ prediction/features/images/images/cottonee.png
0.97594774,/Users/haribo/Desktop/Pokemon_ prediction/features/images/images/magnezone.png
0.97598106,/Users/haribo/Desktop/Pokemon_ prediction/features/images/images/cresselia.png
0.97686106,/Users/haribo/Desktop/Pokemon_ prediction/features/images/images/gliscor.png
0.9769812,/Users/haribo/Desktop/Pokemon_ prediction/features/images/images/gothita.png
0.9773553,/Users/haribo/Desktop/Pokemon_ prediction/features/images/images/jirachi.png
0.9776286,/Users/haribo/Desktop/Pokemon_ prediction/features/images/images/gulpin.png
0.9779776,/Users/haribo/Desktop/Pokemon_ prediction/features/images/images/clefairy.png
0.97812873,/Users/haribo/Desktop/Pokemon_ prediction/features/images/images/dusclops.png
0.9783212,/Users/haribo/Desktop/Pokemon_ prediction/features/images/images/ninjask.png
0.9783212,/Users/haribo/Desktop/Pokemon_ prediction/features/images/images/phantump.png
0.97847104,/Users/haribo/Desktop/Pokemon_ prediction/features/images/images/whiscash.png
0.97848165,/Users/haribo/Desktop/Pokemon_ prediction/features/images/images/weezing.png
0.97868955,/Users/haribo/Desktop/Pokemon_ prediction/features/images/images/hitmonlee.png
0.97876567,/Users/haribo/Desktop/Pokemon_ prediction/features/images/images/magmar.png
0.97933346,/Users/haribo/Desktop/Pokemon_ prediction/features/images/images/snivy.png
0.9794851,/Users/haribo/Desktop/Pokemon_ prediction/features/images/images/bisharp.png
0.98018163,/Users/haribo/Desktop/Pokemon_ prediction/features/images/images/camerupt.png
0.9805304,/Users/haribo/Desktop/Pokemon_ prediction/features/images/images/kecleon.png
0.98090523,/Users/haribo/Desktop/Pokemon_ prediction/features/images/images/espurr.png
0.9812281,/Users/haribo/Desktop/Pokemon_ prediction/features/images/images/budew.png
0.9817067,/Users/haribo/Desktop/Pokemon_ prediction/features/images/images/vulpix.png
0.9821527,/Users/haribo/Desktop/Pokemon_ prediction/features/images/images/tentacruel.png
0.9823539,/Users/haribo/Desktop/Pokemon_ prediction/features/images/images/mandibuzz.png
0.9823761,/Users/haribo/Desktop/Pokemon_ prediction/features/images/images/pachirisu.png
0.9824614,/Users/haribo/Desktop/Pokemon_ prediction/features/images/images/seel.png
0.98249525,/Users/haribo/Desktop/Pokemon_ prediction/features/images/images/lucario.png
0.98254645,/Users/haribo/Desktop/Pokemon_ prediction/features/images/images/cranidos.png
0.98296034,/Users/haribo/Desktop/Pokemon_ prediction/features/images/images/pupitar.png
0.98327863,/Users/haribo/Desktop/Pokemon_ prediction/features/images/images/miltank.png
0.98340267,/Users/haribo/Desktop/Pokemon_ prediction/features/images/images/primeape.png
0.9843767,/Users/haribo/Desktop/Pokemon_ prediction/features/images/images/accelgor.png
0.98437977,/Users/haribo/Desktop/Pokemon_ prediction/features/images/images/lopunny.png
0.9848449,/Users/haribo/Desktop/Pokemon_ prediction/features/images/images/krookodile.png
0.9854342,/Users/haribo/Desktop/Pokemon_ prediction/features/images/images/farfetchd.png
0.9856039,/Users/haribo/Desktop/Pokemon_ prediction/features/images/images/excadrill.png
0.9857767,/Users/haribo/Desktop/Pokemon_ prediction/features/images/images/duosion.png
0.98608166,/Users/haribo/Desktop/Pokemon_ prediction/features/images/images/pumpkaboo-average.png
0.98635775,/Users/haribo/Desktop/Pokemon_ prediction/features/images/images/nuzleaf.png
0.9867105,/Users/haribo/Desktop/Pokemon_ prediction/features/images/images/clamperl.png
0.98682034,/Users/haribo/Desktop/Pokemon_ prediction/features/images/images/alomomola.png
0.9871326,/Users/haribo/Desktop/Pokemon_ prediction/features/images/images/cyndaquil.png
0.9873979,/Users/haribo/Desktop/Pokemon_ prediction/features/images/images/rattata.png
0.98756933,/Users/haribo/Desktop/Pokemon_ prediction/features/images/images/bellsprout.png
0.987895,/Users/haribo/Desktop/Pokemon_ prediction/features/images/images/ledian.png
0.9882042,/Users/haribo/Desktop/Pokemon_ prediction/features/images/images/volcanion.png
0.9884516,/Users/haribo/Desktop/Pokemon_ prediction/features/images/images/wobbuffet.png
0.98862016,/Users/haribo/Desktop/Pokemon_ prediction/features/images/images/electivire.png
0.98924994,/Users/haribo/Desktop/Pokemon_ prediction/features/images/images/lilligant.png
0.98955274,/Users/haribo/Desktop/Pokemon_ prediction/features/images/images/dewott.png
0.9903353,/Users/haribo/Desktop/Pokemon_ prediction/features/images/images/lickitung.png
0.9913407,/Users/haribo/Desktop/Pokemon_ prediction/features/images/images/rampardos.png
0.9917063,/Users/haribo/Desktop/Pokemon_ prediction/features/images/images/exploud.png
0.9917667,/Users/haribo/Desktop/Pokemon_ prediction/features/images/images/aron.png
0.99211717,/Users/haribo/Desktop/Pokemon_ prediction/features/images/images/jigglypuff.png
0.9921748,/Users/haribo/Desktop/Pokemon_ prediction/features/images/images/chingling.png
0.99225116,/Users/haribo/Desktop/Pokemon_ prediction/features/images/images/goomy.png
0.99244004,/Users/haribo/Desktop/Pokemon_ prediction/features/images/images/sandile.png
0.9928382,/Users/haribo/Desktop/Pokemon_ prediction/features/images/images/tyrunt.png
0.99310964,/Users/haribo/Desktop/Pokemon_ prediction/features/images/images/cherubi.png
0.99333566,/Users/haribo/Desktop/Pokemon_ prediction/features/images/images/wailmer.png
0.9933511,/Users/haribo/Desktop/Pokemon_ prediction/features/images/images/medicham.png
0.9934534,/Users/haribo/Desktop/Pokemon_ prediction/features/images/images/mienfoo.png
0.9937763,/Users/haribo/Desktop/Pokemon_ prediction/features/images/images/stunky.png
0.99461806,/Users/haribo/Desktop/Pokemon_ prediction/features/images/images/altaria.png
0.9947398,/Users/haribo/Desktop/Pokemon_ prediction/features/images/images/mawile.png
0.9950688,/Users/haribo/Desktop/Pokemon_ prediction/features/images/images/combusken.png
0.99548393,/Users/haribo/Desktop/Pokemon_ prediction/features/images/images/sliggoo.png
0.9956393,/Users/haribo/Desktop/Pokemon_ prediction/features/images/images/tyrogue.png
0.9956655,/Users/haribo/Desktop/Pokemon_ prediction/features/images/images/quagsire.png
0.9959398,/Users/haribo/Desktop/Pokemon_ prediction/features/images/images/rhyhorn.png
0.9959689,/Users/haribo/Desktop/Pokemon_ prediction/features/images/images/roselia.png
0.9961257,/Users/haribo/Desktop/Pokemon_ prediction/features/images/images/spewpa.png
0.99643755,/Users/haribo/Desktop/Pokemon_ prediction/features/images/images/sunflora.png
0.99712485,/Users/haribo/Desktop/Pokemon_ prediction/features/images/images/raikou.png
0.99725455,/Users/haribo/Desktop/Pokemon_ prediction/features/images/images/eelektross.png
0.99748164,/Users/haribo/Desktop/Pokemon_ prediction/features/images/images/skiddo.png
0.9975241,/Users/haribo/Desktop/Pokemon_ prediction/features/images/images/skitty.png
0.9977206,/Users/haribo/Desktop/Pokemon_ prediction/features/images/images/noibat.png
0.9979205,/Users/haribo/Desktop/Pokemon_ prediction/features/images/images/zigzagoon.png
0.9980885,/Users/haribo/Desktop/Pokemon_ prediction/features/images/images/pangoro.png
0.9984114,/Users/haribo/Desktop/Pokemon_ prediction/features/images/images/lillipup.png
0.9986083,/Users/haribo/Desktop/Pokemon_ prediction/features/images/images/torkoal.png
0.99868983,/Users/haribo/Desktop/Pokemon_ prediction/features/images/images/typhlosion.png
0.99881876,/Users/haribo/Desktop/Pokemon_ prediction/features/images/images/shelgon.png
0.9991387,/Users/haribo/Desktop/Pokemon_ prediction/features/images/images/nosepass.png
0.99932224,/Users/haribo/Desktop/Pokemon_ prediction/features/images/images/stunfisk.png
0.9993609,/Users/haribo/Desktop/Pokemon_ prediction/features/images/images/poliwhirl.png
0.9994061,/Users/haribo/Desktop/Pokemon_ prediction/features/images/images/tornadus-incarnate.png
0.9994877,/Users/haribo/Desktop/Pokemon_ prediction/features/images/images/seviper.png
0.9995183,/Users/haribo/Desktop/Pokemon_ prediction/features/images/images/poliwag.png
0.9996136,/Users/haribo/Desktop/Pokemon_ prediction/features/images/images/aromatisse.png
0.9996536,/Users/haribo/Desktop/Pokemon_ prediction/features/images/images/cinccino.png
0.9997158,/Users/haribo/Desktop/Pokemon_ prediction/features/images/images/vileplume.png
1.0000995,/Users/haribo/Desktop/Pokemon_ prediction/features/images/images/delcatty.png
1.0008727,/Users/haribo/Desktop/Pokemon_ prediction/features/images/images/breloom.png
1.0010043,/Users/haribo/Desktop/Pokemon_ prediction/features/images/images/meowstic-male.png
1.0011063,/Users/haribo/Desktop/Pokemon_ prediction/features/images/images/boldore.png
1.0014751,/Users/haribo/Desktop/Pokemon_ prediction/features/images/images/shieldon.png
1.0014791,/Users/haribo/Desktop/Pokemon_ prediction/features/images/images/drilbur.png
1.0019035,/Users/haribo/Desktop/Pokemon_ prediction/features/images/images/deoxys-normal.png
1.0019449,/Users/haribo/Desktop/Pokemon_ prediction/features/images/images/electabuzz.png
1.0025483,/Users/haribo/Desktop/Pokemon_ prediction/features/images/images/swirlix.png
1.0026221,/Users/haribo/Desktop/Pokemon_ prediction/features/images/images/beheeyem.png
1.0031114,/Users/haribo/Desktop/Pokemon_ prediction/features/images/images/honedge.png
1.0033121,/Users/haribo/Desktop/Pokemon_ prediction/features/images/images/gorebyss.png
1.0034214,/Users/haribo/Desktop/Pokemon_ prediction/features/images/images/spritzee.png
1.0040113,/Users/haribo/Desktop/Pokemon_ prediction/features/images/images/deerling.png
1.004137,/Users/haribo/Desktop/Pokemon_ prediction/features/images/images/jynx.png
1.0042394,/Users/haribo/Desktop/Pokemon_ prediction/features/images/images/torterra.png
1.0042673,/Users/haribo/Desktop/Pokemon_ prediction/features/images/images/aipom.png
1.0043637,/Users/haribo/Desktop/Pokemon_ prediction/features/images/images/trubbish.png
1.0044583,/Users/haribo/Desktop/Pokemon_ prediction/features/images/images/tauros.png
1.0045168,/Users/haribo/Desktop/Pokemon_ prediction/features/images/images/machoke.png
1.0045875,/Users/haribo/Desktop/Pokemon_ prediction/features/images/images/darmanitan-standard.png
1.0046465,/Users/haribo/Desktop/Pokemon_ prediction/features/images/images/gogoat.png
1.0048435,/Users/haribo/Desktop/Pokemon_ prediction/features/images/images/shaymin-land.png
1.0049975,/Users/haribo/Desktop/Pokemon_ prediction/features/images/images/thundurus-incarnate.png
1.005264,/Users/haribo/Desktop/Pokemon_ prediction/features/images/images/hitmonchan.png
1.0056161,/Users/haribo/Desktop/Pokemon_ prediction/features/images/images/linoone.png
1.0057518,/Users/haribo/Desktop/Pokemon_ prediction/features/images/images/maractus.png
1.005763,/Users/haribo/Desktop/Pokemon_ prediction/features/images/images/sceptile.png
1.0058835,/Users/haribo/Desktop/Pokemon_ prediction/features/images/images/leafeon.png
1.0059683,/Users/haribo/Desktop/Pokemon_ prediction/features/images/images/nidoran-f.png
1.0071659,/Users/haribo/Desktop/Pokemon_ prediction/features/images/images/diglett.png
1.0073396,/Users/haribo/Desktop/Pokemon_ prediction/features/images/images/charizard.png
1.0075074,/Users/haribo/Desktop/Pokemon_ prediction/features/images/images/ivysaur.png
1.0083821,/Users/haribo/Desktop/Pokemon_ prediction/features/images/images/throh.png
1.0086896,/Users/haribo/Desktop/Pokemon_ prediction/features/images/images/chimecho.png
1.0088329,/Users/haribo/Desktop/Pokemon_ prediction/features/images/images/seedot.png
1.0090367,/Users/haribo/Desktop/Pokemon_ prediction/features/images/images/sunkern.png
1.0096774,/Users/haribo/Desktop/Pokemon_ prediction/features/images/images/weavile.png
1.0097015,/Users/haribo/Desktop/Pokemon_ prediction/features/images/images/pansage.png
1.0099947,/Users/haribo/Desktop/Pokemon_ prediction/features/images/images/honchkrow.png
1.0100632,/Users/haribo/Desktop/Pokemon_ prediction/features/images/images/vanillite.png
1.0102602,/Users/haribo/Desktop/Pokemon_ prediction/features/images/images/landorus-incarnate.png
1.0104077,/Users/haribo/Desktop/Pokemon_ prediction/features/images/images/starly.png
1.0104313,/Users/haribo/Desktop/Pokemon_ prediction/features/images/images/meloetta-aria.png
1.0104502,/Users/haribo/Desktop/Pokemon_ prediction/features/images/images/loudred.png
1.0107416,/Users/haribo/Desktop/Pokemon_ prediction/features/images/images/glameow.png
1.0108634,/Users/haribo/Desktop/Pokemon_ prediction/features/images/images/nincada.png
1.0110265,/Users/haribo/Desktop/Pokemon_ prediction/features/images/images/zubat.png
1.0110441,/Users/haribo/Desktop/Pokemon_ prediction/features/images/images/grovyle.png
1.0112177,/Users/haribo/Desktop/Pokemon_ prediction/features/images/images/roggenrola.png
1.0116588,/Users/haribo/Desktop/Pokemon_ prediction/features/images/images/pelipper.png
1.0118717,/Users/haribo/Desktop/Pokemon_ prediction/features/images/images/woobat.png
1.0121421,/Users/haribo/Desktop/Pokemon_ prediction/features/images/images/venonat.png
1.0121927,/Users/haribo/Desktop/Pokemon_ prediction/features/images/images/remoraid.png
1.0125539,/Users/haribo/Desktop/Pokemon_ prediction/features/images/images/cubchoo.png
1.0126204,/Users/haribo/Desktop/Pokemon_ prediction/features/images/images/garbodor.png
1.0133148,/Users/haribo/Desktop/Pokemon_ prediction/features/images/images/horsea.png
1.0133243,/Users/haribo/Desktop/Pokemon_ prediction/features/images/images/dragonite.png
1.0147203,/Users/haribo/Desktop/Pokemon_ prediction/features/images/images/buneary.png
1.015135,/Users/haribo/Desktop/Pokemon_ prediction/features/images/images/pidgeot.png
1.0152603,/Users/haribo/Desktop/Pokemon_ prediction/features/images/images/glaceon.png
1.0156938,/Users/haribo/Desktop/Pokemon_ prediction/features/images/images/ekans.png
1.015778,/Users/haribo/Desktop/Pokemon_ prediction/features/images/images/chespin.png
1.0159757,/Users/haribo/Desktop/Pokemon_ prediction/features/images/images/machop.png
1.0161307,/Users/haribo/Desktop/Pokemon_ prediction/features/images/images/elgyem.png
1.0163978,/Users/haribo/Desktop/Pokemon_ prediction/features/images/images/slaking.png
1.0165918,/Users/haribo/Desktop/Pokemon_ prediction/features/images/images/igglybuff.png
1.0170789,/Users/haribo/Desktop/Pokemon_ prediction/features/images/images/drifloon.png
1.0176951,/Users/haribo/Desktop/Pokemon_ prediction/features/images/images/phione.png
1.0189435,/Users/haribo/Desktop/Pokemon_ prediction/features/images/images/jolteon.png
1.0191622,/Users/haribo/Desktop/Pokemon_ prediction/features/images/images/omastar.png
1.0199413,/Users/haribo/Desktop/Pokemon_ prediction/features/images/images/happiny.png
1.0200208,/Users/haribo/Desktop/Pokemon_ prediction/features/images/images/frogadier.png
1.0212748,/Users/haribo/Desktop/Pokemon_ prediction/features/images/images/escavalier.png
1.0215498,/Users/haribo/Desktop/Pokemon_ prediction/features/images/images/sigilyph.png
1.0216777,/Users/haribo/Desktop/Pokemon_ prediction/features/images/images/poliwrath.png
1.0218319,/Users/haribo/Desktop/Pokemon_ prediction/features/images/images/girafarig.png
1.0222054,/Users/haribo/Desktop/Pokemon_ prediction/features/images/images/sawk.png
1.0225636,/Users/haribo/Desktop/Pokemon_ prediction/features/images/images/simisage.png
1.0227547,/Users/haribo/Desktop/Pokemon_ prediction/features/images/images/pancham.png
1.0229031,/Users/haribo/Desktop/Pokemon_ prediction/features/images/images/florges.png
1.0229596,/Users/haribo/Desktop/Pokemon_ prediction/features/images/images/dusknoir.png
1.0231298,/Users/haribo/Desktop/Pokemon_ prediction/features/images/images/kingdra.png
1.0231612,/Users/haribo/Desktop/Pokemon_ prediction/features/images/images/haxorus.png
1.0231652,/Users/haribo/Desktop/Pokemon_ prediction/features/images/images/cascoon.png
1.023333,/Users/haribo/Desktop/Pokemon_ prediction/features/images/images/floette.png
1.0234234,/Users/haribo/Desktop/Pokemon_ prediction/features/images/images/tynamo.png
1.0234687,/Users/haribo/Desktop/Pokemon_ prediction/features/images/images/druddigon.png
1.023595,/Users/haribo/Desktop/Pokemon_ prediction/features/images/images/mr-mime.png
1.0237498,/Users/haribo/Desktop/Pokemon_ prediction/features/images/images/duskull.png
1.0238742,/Users/haribo/Desktop/Pokemon_ prediction/features/images/images/avalugg.png
1.023911,/Users/haribo/Desktop/Pokemon_ prediction/features/images/images/moltres.png
1.024818,/Users/haribo/Desktop/Pokemon_ prediction/features/images/images/swadloon.png
1.0248485,/Users/haribo/Desktop/Pokemon_ prediction/features/images/images/goldeen.png
1.0248907,/Users/haribo/Desktop/Pokemon_ prediction/features/images/images/kabutops.png
1.0249346,/Users/haribo/Desktop/Pokemon_ prediction/features/images/images/vullaby.png
1.0256562,/Users/haribo/Desktop/Pokemon_ prediction/features/images/images/solosis.png
1.0256944,/Users/haribo/Desktop/Pokemon_ prediction/features/images/images/abomasnow.png
1.0258027,/Users/haribo/Desktop/Pokemon_ prediction/features/images/images/machamp.png
1.025997,/Users/haribo/Desktop/Pokemon_ prediction/features/images/images/zangoose.png
1.0264091,/Users/haribo/Desktop/Pokemon_ prediction/features/images/images/manaphy.png
1.0272957,/Users/haribo/Desktop/Pokemon_ prediction/features/images/images/purrloin.png
1.0273178,/Users/haribo/Desktop/Pokemon_ prediction/features/images/images/sudowoodo.png
1.027407,/Users/haribo/Desktop/Pokemon_ prediction/features/images/images/wartortle.png
1.0274137,/Users/haribo/Desktop/Pokemon_ prediction/features/images/images/wooper.png
1.027657,/Users/haribo/Desktop/Pokemon_ prediction/features/images/images/gardevoir.png
1.0282464,/Users/haribo/Desktop/Pokemon_ prediction/features/images/images/drowzee.png
1.0284123,/Users/haribo/Desktop/Pokemon_ prediction/features/images/images/regirock.png
1.0284292,/Users/haribo/Desktop/Pokemon_ prediction/features/images/images/nidoking.png
1.0284956,/Users/haribo/Desktop/Pokemon_ prediction/features/images/images/yamask.png
1.0285294,/Users/haribo/Desktop/Pokemon_ prediction/features/images/images/unfezant.png
1.0289439,/Users/haribo/Desktop/Pokemon_ prediction/features/images/images/lunatone.png
1.0291728,/Users/haribo/Desktop/Pokemon_ prediction/features/images/images/simipour.png
1.0291748,/Users/haribo/Desktop/Pokemon_ prediction/features/images/images/fennekin.png
1.0297096,/Users/haribo/Desktop/Pokemon_ prediction/features/images/images/scizor.png
1.02979,/Users/haribo/Desktop/Pokemon_ prediction/features/images/images/tangela.png
1.0299923,/Users/haribo/Desktop/Pokemon_ prediction/features/images/images/tranquill.png
1.0300366,/Users/haribo/Desktop/Pokemon_ prediction/features/images/images/hydreigon.png
1.0302138,/Users/haribo/Desktop/Pokemon_ prediction/features/images/images/baltoy.png
1.0304105,/Users/haribo/Desktop/Pokemon_ prediction/features/images/images/bouffalant.png
1.0304172,/Users/haribo/Desktop/Pokemon_ prediction/features/images/images/gengar.png
1.0305239,/Users/haribo/Desktop/Pokemon_ prediction/features/images/images/magmortar.png
1.0305264,/Users/haribo/Desktop/Pokemon_ prediction/features/images/images/pawniard.png
1.0308952,/Users/haribo/Desktop/Pokemon_ prediction/features/images/images/nidorino.png
1.0310622,/Users/haribo/Desktop/Pokemon_ prediction/features/images/images/ponyta.png
1.0311053,/Users/haribo/Desktop/Pokemon_ prediction/features/images/images/raichu.png
1.031123,/Users/haribo/Desktop/Pokemon_ prediction/features/images/images/cacnea.png
1.0311477,/Users/haribo/Desktop/Pokemon_ prediction/features/images/images/giratina-altered.png
1.0311754,/Users/haribo/Desktop/Pokemon_ prediction/features/images/images/pichu.png
1.0311966,/Users/haribo/Desktop/Pokemon_ prediction/features/images/images/dwebble.png
1.0312039,/Users/haribo/Desktop/Pokemon_ prediction/features/images/images/spinda.png
1.0315915,/Users/haribo/Desktop/Pokemon_ prediction/features/images/images/claydol.png
1.0316225,/Users/haribo/Desktop/Pokemon_ prediction/features/images/images/metang.png
1.0316424,/Users/haribo/Desktop/Pokemon_ prediction/features/images/images/tangrowth.png
1.0317258,/Users/haribo/Desktop/Pokemon_ prediction/features/images/images/musharna.png
1.031824,/Users/haribo/Desktop/Pokemon_ prediction/features/images/images/nidoran-m.png
1.0319335,/Users/haribo/Desktop/Pokemon_ prediction/features/images/images/vigoroth.png
1.0319622,/Users/haribo/Desktop/Pokemon_ prediction/features/images/images/forretress.png
1.0321996,/Users/haribo/Desktop/Pokemon_ prediction/features/images/images/zweilous.png
1.0322627,/Users/haribo/Desktop/Pokemon_ prediction/features/images/images/masquerain.png
1.0327625,/Users/haribo/Desktop/Pokemon_ prediction/features/images/images/oddish.png
1.0327789,/Users/haribo/Desktop/Pokemon_ prediction/features/images/images/meganium.png
1.0331395,/Users/haribo/Desktop/Pokemon_ prediction/features/images/images/granbull.png
1.0337427,/Users/haribo/Desktop/Pokemon_ prediction/features/images/images/blastoise.png
1.0339769,/Users/haribo/Desktop/Pokemon_ prediction/features/images/images/starmie.png
1.0340945,/Users/haribo/Desktop/Pokemon_ prediction/features/images/images/terrakion.png
1.0341668,/Users/haribo/Desktop/Pokemon_ prediction/features/images/images/porygon-z.png
1.034265,/Users/haribo/Desktop/Pokemon_ prediction/features/images/images/liepard.png
1.0346178,/Users/haribo/Desktop/Pokemon_ prediction/features/images/images/volcarona.png
1.0347956,/Users/haribo/Desktop/Pokemon_ prediction/features/images/images/metapod.png
1.0350515,/Users/haribo/Desktop/Pokemon_ prediction/features/images/images/togetic.png
1.0358083,/Users/haribo/Desktop/Pokemon_ prediction/features/images/images/crawdaunt.png
1.036139,/Users/haribo/Desktop/Pokemon_ prediction/features/images/images/aegislash-blade.png
1.0361522,/Users/haribo/Desktop/Pokemon_ prediction/features/images/images/shiftry.png
1.0361693,/Users/haribo/Desktop/Pokemon_ prediction/features/images/images/ludicolo.png
1.0363197,/Users/haribo/Desktop/Pokemon_ prediction/features/images/images/beedrill.png
1.0370226,/Users/haribo/Desktop/Pokemon_ prediction/features/images/images/voltorb.png
1.0372368,/Users/haribo/Desktop/Pokemon_ prediction/features/images/images/archen.png
1.0375074,/Users/haribo/Desktop/Pokemon_ prediction/features/images/images/anorith.png
1.037865,/Users/haribo/Desktop/Pokemon_ prediction/features/images/images/clefable.png
1.0381048,/Users/haribo/Desktop/Pokemon_ prediction/features/images/images/simisear.png
1.0385733,/Users/haribo/Desktop/Pokemon_ prediction/features/images/images/tympole.png
1.0386236,/Users/haribo/Desktop/Pokemon_ prediction/features/images/images/arbok.png
1.0388294,/Users/haribo/Desktop/Pokemon_ prediction/features/images/images/togekiss.png
1.0394219,/Users/haribo/Desktop/Pokemon_ prediction/features/images/images/purugly.png
1.0395952,/Users/haribo/Desktop/Pokemon_ prediction/features/images/images/swablu.png
1.03965,/Users/haribo/Desktop/Pokemon_ prediction/features/images/images/meditite.png
1.0397011,/Users/haribo/Desktop/Pokemon_ prediction/features/images/images/kirlia.png
1.0398651,/Users/haribo/Desktop/Pokemon_ prediction/features/images/images/sableye.png
1.0401064,/Users/haribo/Desktop/Pokemon_ prediction/features/images/images/mothim.png
1.0402807,/Users/haribo/Desktop/Pokemon_ prediction/features/images/images/ho-oh.png
1.040591,/Users/haribo/Desktop/Pokemon_ prediction/features/images/images/serperior.png
1.0406617,/Users/haribo/Desktop/Pokemon_ prediction/features/images/images/haunter.png
1.0416659,/Users/haribo/Desktop/Pokemon_ prediction/features/images/images/quilladin.png
1.0416892,/Users/haribo/Desktop/Pokemon_ prediction/features/images/images/flygon.png
1.042181,/Users/haribo/Desktop/Pokemon_ prediction/features/images/images/genesect.png
1.0428214,/Users/haribo/Desktop/Pokemon_ prediction/features/images/images/tirtouga.png
1.04288,/Users/haribo/Desktop/Pokemon_ prediction/features/images/images/dugtrio.png
1.0429758,/Users/haribo/Desktop/Pokemon_ prediction/features/images/images/burmy.png
1.0431542,/Users/haribo/Desktop/Pokemon_ prediction/features/images/images/swoobat.png
1.0432038,/Users/haribo/Desktop/Pokemon_ prediction/features/images/images/lapras.png
1.0439738,/Users/haribo/Desktop/Pokemon_ prediction/features/images/images/binacle.png
1.0441247,/Users/haribo/Desktop/Pokemon_ prediction/features/images/images/tyranitar.png
1.0444163,/Users/haribo/Desktop/Pokemon_ prediction/features/images/images/panpour.png
1.0447015,/Users/haribo/Desktop/Pokemon_ prediction/features/images/images/corphish.png
1.0448092,/Users/haribo/Desktop/Pokemon_ prediction/features/images/images/hippopotas.png
1.0457555,/Users/haribo/Desktop/Pokemon_ prediction/features/images/images/shedinja.png
1.0458755,/Users/haribo/Desktop/Pokemon_ prediction/features/images/images/mantyke.png
1.0462358,/Users/haribo/Desktop/Pokemon_ prediction/features/images/images/salamence.png
1.0465485,/Users/haribo/Desktop/Pokemon_ prediction/features/images/images/rhydon.png
1.0471183,/Users/haribo/Desktop/Pokemon_ prediction/features/images/images/blitzle.png
1.0479317,/Users/haribo/Desktop/Pokemon_ prediction/features/images/images/garchomp.png
1.0479462,/Users/haribo/Desktop/Pokemon_ prediction/features/images/images/ampharos.png
1.04828,/Users/haribo/Desktop/Pokemon_ prediction/features/images/images/jellicent.png
1.0485685,/Users/haribo/Desktop/Pokemon_ prediction/features/images/images/geodude.png
1.0490652,/Users/haribo/Desktop/Pokemon_ prediction/features/images/images/kricketune.png
1.0491103,/Users/haribo/Desktop/Pokemon_ prediction/features/images/images/golbat.png
1.0491433,/Users/haribo/Desktop/Pokemon_ prediction/features/images/images/fearow.png
1.0495217,/Users/haribo/Desktop/Pokemon_ prediction/features/images/images/exeggcute.png
1.0495299,/Users/haribo/Desktop/Pokemon_ prediction/features/images/images/staravia.png
1.0495583,/Users/haribo/Desktop/Pokemon_ prediction/features/images/images/plusle.png
1.0496006,/Users/haribo/Desktop/Pokemon_ prediction/features/images/images/zoroark.png
1.0498824,/Users/haribo/Desktop/Pokemon_ prediction/features/images/images/diggersby.png
1.0499772,/Users/haribo/Desktop/Pokemon_ prediction/features/images/images/minccino.png
1.0501499,/Users/haribo/Desktop/Pokemon_ prediction/features/images/images/vanilluxe.png
1.0502627,/Users/haribo/Desktop/Pokemon_ prediction/features/images/images/golurk.png
1.0505672,/Users/haribo/Desktop/Pokemon_ prediction/features/images/images/trevenant.png
1.0505896,/Users/haribo/Desktop/Pokemon_ prediction/features/images/images/durant.png
1.0505954,/Users/haribo/Desktop/Pokemon_ prediction/features/images/images/metagross.png
1.0506815,/Users/haribo/Desktop/Pokemon_ prediction/features/images/images/golduck.png
1.0513031,/Users/haribo/Desktop/Pokemon_ prediction/features/images/images/heracross.png
1.0514698,/Users/haribo/Desktop/Pokemon_ prediction/features/images/images/abra.png
1.0515847,/Users/haribo/Desktop/Pokemon_ prediction/features/images/images/tyrantrum.png
1.0520254,/Users/haribo/Desktop/Pokemon_ prediction/features/images/images/grumpig.png
1.0521644,/Users/haribo/Desktop/Pokemon_ prediction/features/images/images/bayleef.png
1.0523486,/Users/haribo/Desktop/Pokemon_ prediction/features/images/images/archeops.png
1.052537,/Users/haribo/Desktop/Pokemon_ prediction/features/images/images/cryogonal.png
1.0534164,/Users/haribo/Desktop/Pokemon_ prediction/features/images/images/stoutland.png
1.0537314,/Users/haribo/Desktop/Pokemon_ prediction/features/images/images/lotad.png
1.0539253,/Users/haribo/Desktop/Pokemon_ prediction/features/images/images/butterfree.png
1.0541109,/Users/haribo/Desktop/Pokemon_ prediction/features/images/images/yveltal.png
1.0541544,/Users/haribo/Desktop/Pokemon_ prediction/features/images/images/flabebe.png
1.0541737,/Users/haribo/Desktop/Pokemon_ prediction/features/images/images/zygarde-50.png
1.0542538,/Users/haribo/Desktop/Pokemon_ prediction/features/images/images/keldeo-ordinary.png
1.0551094,/Users/haribo/Desktop/Pokemon_ prediction/features/images/images/slakoth.png
1.0562978,/Users/haribo/Desktop/Pokemon_ prediction/features/images/images/surskit.png
1.0563936,/Users/haribo/Desktop/Pokemon_ prediction/features/images/images/bronzong.png
1.0564476,/Users/haribo/Desktop/Pokemon_ prediction/features/images/images/skiploom.png
1.0569801,/Users/haribo/Desktop/Pokemon_ prediction/features/images/images/victreebel.png
1.0570172,/Users/haribo/Desktop/Pokemon_ prediction/features/images/images/unown.png
1.0570765,/Users/haribo/Desktop/Pokemon_ prediction/features/images/images/furret.png
1.0571886,/Users/haribo/Desktop/Pokemon_ prediction/features/images/images/frillish.png
1.0579449,/Users/haribo/Desktop/Pokemon_ prediction/features/images/images/mismagius.png
1.0580586,/Users/haribo/Desktop/Pokemon_ prediction/features/images/images/swanna.png
1.0588853,/Users/haribo/Desktop/Pokemon_ prediction/features/images/images/crobat.png
1.0592269,/Users/haribo/Desktop/Pokemon_ prediction/features/images/images/graveler.png
1.0594501,/Users/haribo/Desktop/Pokemon_ prediction/features/images/images/drapion.png
1.0597978,/Users/haribo/Desktop/Pokemon_ prediction/features/images/images/lileep.png
1.0598613,/Users/haribo/Desktop/Pokemon_ prediction/features/images/images/pineco.png
1.0604682,/Users/haribo/Desktop/Pokemon_ prediction/features/images/images/regigigas.png
1.0608653,/Users/haribo/Desktop/Pokemon_ prediction/features/images/images/muk.png
1.0615212,/Users/haribo/Desktop/Pokemon_ prediction/features/images/images/ninetales.png
1.0618855,/Users/haribo/Desktop/Pokemon_ prediction/features/images/images/leavanny.png
1.0620849,/Users/haribo/Desktop/Pokemon_ prediction/features/images/images/kadabra.png
1.062168,/Users/haribo/Desktop/Pokemon_ prediction/features/images/images/lombre.png
1.0625833,/Users/haribo/Desktop/Pokemon_ prediction/features/images/images/larvitar.png
1.0632951,/Users/haribo/Desktop/Pokemon_ prediction/features/images/images/registeel.png
1.0636331,/Users/haribo/Desktop/Pokemon_ prediction/features/images/images/klinklang.png
1.0639055,/Users/haribo/Desktop/Pokemon_ prediction/features/images/images/litleo.png
1.0642629,/Users/haribo/Desktop/Pokemon_ prediction/features/images/images/probopass.png
1.0644692,/Users/haribo/Desktop/Pokemon_ prediction/features/images/images/wigglytuff.png
1.0648973,/Users/haribo/Desktop/Pokemon_ prediction/features/images/images/scolipede.png
1.065321,/Users/haribo/Desktop/Pokemon_ prediction/features/images/images/furfrou.png
1.066199,/Users/haribo/Desktop/Pokemon_ prediction/features/images/images/elekid.png
1.0673034,/Users/haribo/Desktop/Pokemon_ prediction/features/images/images/mew.png
1.0679712,/Users/haribo/Desktop/Pokemon_ prediction/features/images/images/magnemite.png
1.0682403,/Users/haribo/Desktop/Pokemon_ prediction/features/images/images/lumineon.png
1.0688741,/Users/haribo/Desktop/Pokemon_ prediction/features/images/images/zebstrika.png
1.0690299,/Users/haribo/Desktop/Pokemon_ prediction/features/images/images/meowth.png
1.0694771,/Users/haribo/Desktop/Pokemon_ prediction/features/images/images/castform.png
1.0699166,/Users/haribo/Desktop/Pokemon_ prediction/features/images/images/dewgong.png
1.0699562,/Users/haribo/Desktop/Pokemon_ prediction/features/images/images/eevee.png
1.0704397,/Users/haribo/Desktop/Pokemon_ prediction/features/images/images/ambipom.png
1.0707301,/Users/haribo/Desktop/Pokemon_ prediction/features/images/images/kangaskhan.png
1.0708202,/Users/haribo/Desktop/Pokemon_ prediction/features/images/images/jumpluff.png
1.0711452,/Users/haribo/Desktop/Pokemon_ prediction/features/images/images/hoppip.png
1.0712589,/Users/haribo/Desktop/Pokemon_ prediction/features/images/images/hypno.png
1.0715809,/Users/haribo/Desktop/Pokemon_ prediction/features/images/images/noctowl.png
1.0722215,/Users/haribo/Desktop/Pokemon_ prediction/features/images/images/rapidash.png
1.0727572,/Users/haribo/Desktop/Pokemon_ prediction/features/images/images/audino.png
1.0732049,/Users/haribo/Desktop/Pokemon_ prediction/features/images/images/electrode.png
1.0733972,/Users/haribo/Desktop/Pokemon_ prediction/features/images/images/greninja.png
1.0735123,/Users/haribo/Desktop/Pokemon_ prediction/features/images/images/reuniclus.png
1.0736789,/Users/haribo/Desktop/Pokemon_ prediction/features/images/images/diancie.png
1.0738466,/Users/haribo/Desktop/Pokemon_ prediction/features/images/images/kakuna.png
1.0747918,/Users/haribo/Desktop/Pokemon_ prediction/features/images/images/aerodactyl.png
1.0748413,/Users/haribo/Desktop/Pokemon_ prediction/features/images/images/sawsbuck.png
1.0750016,/Users/haribo/Desktop/Pokemon_ prediction/features/images/images/carbink.png
1.0753433,/Users/haribo/Desktop/Pokemon_ prediction/features/images/images/silcoon.png
1.0753509,/Users/haribo/Desktop/Pokemon_ prediction/features/images/images/petilil.png
1.0756091,/Users/haribo/Desktop/Pokemon_ prediction/features/images/images/absol.png
1.0758653,/Users/haribo/Desktop/Pokemon_ prediction/features/images/images/clawitzer.png
1.076154,/Users/haribo/Desktop/Pokemon_ prediction/features/images/images/rotom.png
1.0762093,/Users/haribo/Desktop/Pokemon_ prediction/features/images/images/samurott.png
1.0762348,/Users/haribo/Desktop/Pokemon_ prediction/features/images/images/gothorita.png
1.0762486,/Users/haribo/Desktop/Pokemon_ prediction/features/images/images/yanma.png
1.076374,/Users/haribo/Desktop/Pokemon_ prediction/features/images/images/fletchinder.png
1.0764496,/Users/haribo/Desktop/Pokemon_ prediction/features/images/images/aggron.png
1.0766283,/Users/haribo/Desktop/Pokemon_ prediction/features/images/images/rhyperior.png
1.077007,/Users/haribo/Desktop/Pokemon_ prediction/features/images/images/staraptor.png
1.0771255,/Users/haribo/Desktop/Pokemon_ prediction/features/images/images/milotic.png
1.0772173,/Users/haribo/Desktop/Pokemon_ prediction/features/images/images/aurorus.png
1.0775558,/Users/haribo/Desktop/Pokemon_ prediction/features/images/images/braviary.png
1.0776801,/Users/haribo/Desktop/Pokemon_ prediction/features/images/images/barboach.png
1.0781657,/Users/haribo/Desktop/Pokemon_ prediction/features/images/images/vespiquen.png
1.0785581,/Users/haribo/Desktop/Pokemon_ prediction/features/images/images/swellow.png
1.0788667,/Users/haribo/Desktop/Pokemon_ prediction/features/images/images/dragonair.png
1.0788927,/Users/haribo/Desktop/Pokemon_ prediction/features/images/images/azumarill.png
1.0796236,/Users/haribo/Desktop/Pokemon_ prediction/features/images/images/kyurem.png
1.0799866,/Users/haribo/Desktop/Pokemon_ prediction/features/images/images/delphox.png
1.0803806,/Users/haribo/Desktop/Pokemon_ prediction/features/images/images/wormadam-plant.png
1.080808,/Users/haribo/Desktop/Pokemon_ prediction/features/images/images/sylveon.png
1.0818046,/Users/haribo/Desktop/Pokemon_ prediction/features/images/images/cofagrigus.png
1.0821004,/Users/haribo/Desktop/Pokemon_ prediction/features/images/images/beartic.png
1.0828322,/Users/haribo/Desktop/Pokemon_ prediction/features/images/images/carvanha.png
1.0832008,/Users/haribo/Desktop/Pokemon_ prediction/features/images/images/gligar.png
1.0835571,/Users/haribo/Desktop/Pokemon_ prediction/features/images/images/umbreon.png
1.0843555,/Users/haribo/Desktop/Pokemon_ prediction/features/images/images/klang.png
1.0854816,/Users/haribo/Desktop/Pokemon_ prediction/features/images/images/darkrai.png
1.0854988,/Users/haribo/Desktop/Pokemon_ prediction/features/images/images/sharpedo.png
1.0858049,/Users/haribo/Desktop/Pokemon_ prediction/features/images/images/victini.png
1.0862364,/Users/haribo/Desktop/Pokemon_ prediction/features/images/images/yanmega.png
1.086285,/Users/haribo/Desktop/Pokemon_ prediction/features/images/images/tropius.png
1.0863595,/Users/haribo/Desktop/Pokemon_ prediction/features/images/images/chandelure.png
1.0868843,/Users/haribo/Desktop/Pokemon_ prediction/features/images/images/cloyster.png
1.08721,/Users/haribo/Desktop/Pokemon_ prediction/features/images/images/blaziken.png
1.0876975,/Users/haribo/Desktop/Pokemon_ prediction/features/images/images/amaura.png
1.0877658,/Users/haribo/Desktop/Pokemon_ prediction/features/images/images/steelix.png
1.0879691,/Users/haribo/Desktop/Pokemon_ prediction/features/images/images/ariados.png
1.0882766,/Users/haribo/Desktop/Pokemon_ prediction/features/images/images/mantine.png
1.0897765,/Users/haribo/Desktop/Pokemon_ prediction/features/images/images/palkia.png
1.0902574,/Users/haribo/Desktop/Pokemon_ prediction/features/images/images/lampent.png
1.0906184,/Users/haribo/Desktop/Pokemon_ prediction/features/images/images/mankey.png
1.0915388,/Users/haribo/Desktop/Pokemon_ prediction/features/images/images/mewtwo.png
1.0921252,/Users/haribo/Desktop/Pokemon_ prediction/features/images/images/articuno.png
1.0925412,/Users/haribo/Desktop/Pokemon_ prediction/features/images/images/minun.png
1.0926753,/Users/haribo/Desktop/Pokemon_ prediction/features/images/images/bastiodon.png
1.0927,/Users/haribo/Desktop/Pokemon_ prediction/features/images/images/klink.png
1.0929977,/Users/haribo/Desktop/Pokemon_ prediction/features/images/images/gigalith.png
1.0937313,/Users/haribo/Desktop/Pokemon_ prediction/features/images/images/slugma.png
1.0941832,/Users/haribo/Desktop/Pokemon_ prediction/features/images/images/herdier.png
1.0945661,/Users/haribo/Desktop/Pokemon_ prediction/features/images/images/stantler.png
1.0952711,/Users/haribo/Desktop/Pokemon_ prediction/features/images/images/suicune.png
1.0956403,/Users/haribo/Desktop/Pokemon_ prediction/features/images/images/xerneas.png
1.0956944,/Users/haribo/Desktop/Pokemon_ prediction/features/images/images/arceus.png
1.0973386,/Users/haribo/Desktop/Pokemon_ prediction/features/images/images/gallade.png
1.0981071,/Users/haribo/Desktop/Pokemon_ prediction/features/images/images/hippowdon.png
1.0985135,/Users/haribo/Desktop/Pokemon_ prediction/features/images/images/pinsir.png
1.0989695,/Users/haribo/Desktop/Pokemon_ prediction/features/images/images/donphan.png
1.0996836,/Users/haribo/Desktop/Pokemon_ prediction/features/images/images/skarmory.png
1.0997722,/Users/haribo/Desktop/Pokemon_ prediction/features/images/images/doduo.png
1.100296,/Users/haribo/Desktop/Pokemon_ prediction/features/images/images/corsola.png
1.1017435,/Users/haribo/Desktop/Pokemon_ prediction/features/images/images/bunnelby.png
1.101967,/Users/haribo/Desktop/Pokemon_ prediction/features/images/images/cobalion.png
1.10198,/Users/haribo/Desktop/Pokemon_ prediction/features/images/images/golem.png
1.10218,/Users/haribo/Desktop/Pokemon_ prediction/features/images/images/braixen.png
1.1023434,/Users/haribo/Desktop/Pokemon_ prediction/features/images/images/lugia.png
1.1029313,/Users/haribo/Desktop/Pokemon_ prediction/features/images/images/persian.png
1.1037774,/Users/haribo/Desktop/Pokemon_ prediction/features/images/images/cradily.png
1.1041435,/Users/haribo/Desktop/Pokemon_ prediction/features/images/images/exeggutor.png
1.1043239,/Users/haribo/Desktop/Pokemon_ prediction/features/images/images/reshiram.png
1.1052928,/Users/haribo/Desktop/Pokemon_ prediction/features/images/images/scatterbug.png
1.1067668,/Users/haribo/Desktop/Pokemon_ prediction/features/images/images/dodrio.png
1.109183,/Users/haribo/Desktop/Pokemon_ prediction/features/images/images/snorlax.png
1.1094139,/Users/haribo/Desktop/Pokemon_ prediction/features/images/images/alakazam.png
1.1099244,/Users/haribo/Desktop/Pokemon_ prediction/features/images/images/scyther.png
1.1105103,/Users/haribo/Desktop/Pokemon_ prediction/features/images/images/conkeldurr.png
1.1107198,/Users/haribo/Desktop/Pokemon_ prediction/features/images/images/prinplup.png
1.1121466,/Users/haribo/Desktop/Pokemon_ prediction/features/images/images/crustle.png
1.1132735,/Users/haribo/Desktop/Pokemon_ prediction/features/images/images/glalie.png
1.1142305,/Users/haribo/Desktop/Pokemon_ prediction/features/images/images/noivern.png
1.114669,/Users/haribo/Desktop/Pokemon_ prediction/features/images/images/barbaracle.png
1.1162262,/Users/haribo/Desktop/Pokemon_ prediction/features/images/images/klefki.png
1.1167291,/Users/haribo/Desktop/Pokemon_ prediction/features/images/images/magneton.png
1.1177354,/Users/haribo/Desktop/Pokemon_ prediction/features/images/images/gothitelle.png
1.1184756,/Users/haribo/Desktop/Pokemon_ prediction/features/images/images/sentret.png
1.1185832,/Users/haribo/Desktop/Pokemon_ prediction/features/images/images/houndour.png
1.1197349,/Users/haribo/Desktop/Pokemon_ prediction/features/images/images/seadra.png
1.120772,/Users/haribo/Desktop/Pokemon_ prediction/features/images/images/espeon.png
1.1212487,/Users/haribo/Desktop/Pokemon_ prediction/features/images/images/fraxure.png
1.1213535,/Users/haribo/Desktop/Pokemon_ prediction/features/images/images/latias.png
1.1218992,/Users/haribo/Desktop/Pokemon_ prediction/features/images/images/rayquaza.png
1.1219919,/Users/haribo/Desktop/Pokemon_ prediction/features/images/images/carnivine.png
1.1224146,/Users/haribo/Desktop/Pokemon_ prediction/features/images/images/virizion.png
1.1239175,/Users/haribo/Desktop/Pokemon_ prediction/features/images/images/kyogre.png
1.1282086,/Users/haribo/Desktop/Pokemon_ prediction/features/images/images/onix.png
1.1311454,/Users/haribo/Desktop/Pokemon_ prediction/features/images/images/wailord.png
1.1324661,/Users/haribo/Desktop/Pokemon_ prediction/features/images/images/vibrava.png
1.13533,/Users/haribo/Desktop/Pokemon_ prediction/features/images/images/vaporeon.png
1.1373868,/Users/haribo/Desktop/Pokemon_ prediction/features/images/images/houndoom.png
1.1377529,/Users/haribo/Desktop/Pokemon_ prediction/features/images/images/talonflame.png
1.1394567,/Users/haribo/Desktop/Pokemon_ prediction/features/images/images/empoleon.png
1.1413763,/Users/haribo/Desktop/Pokemon_ prediction/features/images/images/dialga.png
1.1444162,/Users/haribo/Desktop/Pokemon_ prediction/features/images/images/ferrothorn.png
1.144549,/Users/haribo/Desktop/Pokemon_ prediction/features/images/images/doublade.png
1.144937,/Users/haribo/Desktop/Pokemon_ prediction/features/images/images/malamar.png
1.1465179,/Users/haribo/Desktop/Pokemon_ prediction/features/images/images/chesnaught.png
1.1502025,/Users/haribo/Desktop/Pokemon_ prediction/features/images/images/mightyena.png
1.1508303,/Users/haribo/Desktop/Pokemon_ prediction/features/images/images/solrock.png
1.1509326,/Users/haribo/Desktop/Pokemon_ prediction/features/images/images/latios.png
1.1510009,/Users/haribo/Desktop/Pokemon_ prediction/features/images/images/venomoth.png
1.1513724,/Users/haribo/Desktop/Pokemon_ prediction/features/images/images/mienshao.png
1.1554881,/Users/haribo/Desktop/Pokemon_ prediction/features/images/images/dragalge.png
1.1597708,/Users/haribo/Desktop/Pokemon_ prediction/features/images/images/dratini.png
1.1698582,/Users/haribo/Desktop/Pokemon_ prediction/features/images/images/zapdos.png
1.172175,/Users/haribo/Desktop/Pokemon_ prediction/features/images/images/zekrom.png
1.183641,/Users/haribo/Desktop/Pokemon_ prediction/features/images/images/wingull.png
1.193688,/Users/haribo/Desktop/Pokemon_ prediction/features/images/images/vivillon.png
